<!-- 409 = american english -->

<GRAMMAR LANGID="409">
	<DEFINE>
		<ID NAME="RID_Activate" VAL="0"></ID>
		<ID NAME="RID_CloseProgram" VAL="2"></ID>
		<ID NAME="RID_ShowAbout" VAL="3"></ID>
		<ID NAME="RID_ShowCommands" VAL="300"></ID>
	</DEFINE>

	<RULE NAME="Activate" ID="RID_Activate" TOPLEVEL="ACTIVE">
		<O>please</O>
		<P>activate</P>
		<O>the</O>
		<O>computer</O>
	</RULE>
	<RULE NAME="CloseProgram" ID="RID_CloseProgram" TOPLEVEL="ACTIVE">
		<P>close speech recognition</P>
	</RULE>
	<RULE NAME="ShowAbout" ID="RID_ShowAbout" TOPLEVEL="ACTIVE">
		<P>about speech recognition</P>
	</RULE>
	<RULE NAME="ShowCommands" ID="RID_ShowCommands" TOPLEVEL="ACTIVE">
		<P>commands list</P>
	</RULE>
</GRAMMAR>
