﻿<GRAMMAR LANGID="409">
	<DEFINE>
		<ID NAME="RID_ReleaseKey" VAL="0"></ID>
		<ID NAME="RID_HoldUp" VAL="1"></ID>
		<ID NAME="RID_HoldDown" VAL="2"></ID>
		<ID NAME="RID_HoldRight" VAL="3"></ID>
		<ID NAME="RID_HoldLeft" VAL="4"></ID>
		<ID NAME="RID_ShowCommands" VAL="300"></ID>
	</DEFINE>

	<RULE NAME="ReleaseKey" ID="RID_ReleaseKey" TOPLEVEL="ACTIVE">
		<L>
			<P>release</P>
			<P>stop</P>
		</L>
	</RULE>
	<RULE NAME="HoldUp" ID="RID_HoldUp" TOPLEVEL="ACTIVE">
		<P>up</P>
	</RULE>
	<RULE NAME="HoldDown" ID="RID_HoldDown" TOPLEVEL="ACTIVE">
		<P>down</P>
	</RULE>
	<RULE NAME="HoldRight" ID="RID_HoldRight" TOPLEVEL="ACTIVE">
		<P>right</P>
	</RULE>
	<RULE NAME="HoldLeft" ID="RID_HoldLeft" TOPLEVEL="ACTIVE">
		<P>left</P>
	</RULE>
	<RULE NAME="ShowCommands" ID="RID_ShowCommands" TOPLEVEL="ACTIVE">
		<P>commands list</P>
	</RULE>
</GRAMMAR>
