<GRAMMAR LANGID="409">
	<DEFINE>
		<ID NAME="RID_Deactivate" VAL="0"></ID>
		<ID NAME="RID_Up" VAL="1"></ID>
		<ID NAME="RID_Down" VAL="2"></ID>
		<ID NAME="RID_Right" VAL="3"></ID>
		<ID NAME="RID_Left" VAL="4"></ID>
		<ID NAME="RID_Enter" VAL="5"></ID>
		<ID NAME="RID_Escape" VAL="6"></ID>
		<ID NAME="RID_Tab" VAL="7"></ID>
		<ID NAME="RID_ShowCommands" VAL="300"></ID>

		<ID NAME="RID_Programs" VAL="100"></ID>
		<ID NAME="RID_Documents" VAL="101"></ID>
		<ID NAME="RID_Settings" VAL="102"></ID>
		<ID NAME="RID_Search" VAL="103"></ID>
		<ID NAME="RID_Help" VAL="104"></ID>
		<ID NAME="RID_Run" VAL="105"></ID>
	</DEFINE>
	<RULE NAME="Deactivate" ID="RID_Deactivate" TOPLEVEL="ACTIVE">
		<P>deactivate</P>
	</RULE>
	<RULE NAME="Up" ID="RID_Up" TOPLEVEL="ACTIVE">
		<P>up</P>
	</RULE>
	<RULE NAME="Down" ID="RID_Down" TOPLEVEL="ACTIVE">
		<P>down</P>
	</RULE>
	<RULE NAME="Right" ID="RID_Right" TOPLEVEL="ACTIVE">
		<P>right</P>
	</RULE>
	<RULE NAME="Left" ID="RID_Left" TOPLEVEL="ACTIVE">
		<P>left</P>
	</RULE>
	<RULE NAME="Enter" ID="RID_Enter" TOPLEVEL="ACTIVE">
		<L>
			<P>enter</P>
			<P>run</P>
			<P>O K</P>
		</L>
	</RULE>
	<RULE NAME="Escape" ID="RID_Escape" TOPLEVEL="ACTIVE">
		<P>escape</P>
	</RULE>
	<RULE NAME="Tab" ID="RID_Tab" TOPLEVEL="ACTIVE">
		<P>tab</P>
	</RULE>
	<RULE NAME="ShowCommands" ID="RID_ShowCommands" TOPLEVEL="ACTIVE">
		<P>commands list</P>
	</RULE>

	<RULE NAME="Programs" ID="RID_Programs" TOPLEVEL="ACTIVE">
		<P>programs</P>
	</RULE>
	<RULE NAME="Documents" ID="RID_Documents" TOPLEVEL="ACTIVE">
		<P>documents</P>
	</RULE>
	<RULE NAME="Settings" ID="RID_Settings" TOPLEVEL="ACTIVE">
		<P>settings</P>
	</RULE>
	<RULE NAME="Search" ID="RID_Search" TOPLEVEL="ACTIVE">
		<P>search</P>
	</RULE>
	<RULE NAME="Help" ID="RID_Help" TOPLEVEL="ACTIVE">
		<P>help</P>
	</RULE>
	<RULE NAME="Run" ID="RID_Run" TOPLEVEL="ACTIVE">
		<P>run</P>
	</RULE>
</GRAMMAR>